<?xml version="1.0" encoding="UTF-8"?>

<XCONCEPT LASTiNTfRnUMBER="0" INTEGRATED="no" LASTmOD="2009.07.01" CREATED="2000.04.10" AUTHOR="HoKoNoUmo">

<REFINO_DEFINITION LASTmOD="2000.04.10" CREATED="2000.04.10" AUTHOR="HoKoNoUmo">
Referent is the entity a concept reflects.
</REFINO_DEFINITION>

<REFINO_NAME LASTmOD="2009.07.01" CREATED="2000.11.12" AUTHOR="HoKoNoUmo">
<eng LASTmOD="2000.11.12" CREATED="2000.11.12" AUTHOR="HoKoNoUmo">
<Name_NounCase TxEXP="Referent" TRMrULE="rlEngTrmNnCs11" CREATED="2000.11.12" AUTHOR="HoKoNoUmo"/>
</eng>
<eln LASTmOD="2001.06.14" CREATED="2000.11.12" AUTHOR="HoKoNoUmo">
<Name_NounCase TxEXP="Αναφερόμενο" TRMrULE="rlElnTrmNnCs3c2" CREATED="2000.11.12" AUTHOR="HoKoNoUmo"/>
</eln>
</REFINO_NAME>

<REFINO_GENERIC LASTmOD="2000.04.10" CREATED="2000.04.10" AUTHOR="HoKoNoUmo">
<XCPT FRnAME="Entity@hknu.symb-7@" LASTmOD="2000.04.10" CREATED="2000.04.10" AUTHOR="HoKoNoUmo"/>
</REFINO_GENERIC>
</XCONCEPT>
