<?xml version="1.0" encoding="UTF-8"?>

<XCONCEPT LASTiNTfRnUMBER="0" INTEGRATED="no" LASTmOD="2009.10.26" CREATED="2009.10.26" AUTHOR="HoKoNoUmo">

<REFINO_DEFINITION CREATED="2009.10.26" AUTHOR="HoKoNoUmo">
<DEFINITION_ATTRIBUTE_START CREATION="y" CREATED="2009.10.26" AUTHOR="HoKoNoUmo">
<EngMainName TxEXP="Entity's structure"/>
</DEFINITION_ATTRIBUTE_START>
</REFINO_DEFINITION>

<REFINO_NAME CREATED="2009.10.26" AUTHOR="HoKoNoUmo">
<eng CREATED="2009.10.26" AUTHOR="HoKoNoUmo">
<Name_NounCase TxEXP="Entity's structure" CREATED="2009.10.26" AUTHOR="HoKoNoUmo"/>
</eng>
</REFINO_NAME>

<REFINO_ENTITY CREATED="2009.10.26" AUTHOR="HoKoNoUmo">
<XCPT FRnAME="Entity@hknu.symb-7@" CREATED="2009.10.26" AUTHOR="HoKoNoUmo"/>
</REFINO_ENTITY>
</XCONCEPT>
