<?xml version="1.0" encoding="UTF-8"?>

<XCONCEPT LASTiNTfRnUMBER="0" INTEGRATED="no" LASTmOD="2023.09.05" CREATED="2000.04.04" AUTHOR="HoKoNoUmo">

<REFINO_DEFINITION LASTmOD="2009.08.14" AUTHOR="HoKoNoUmo">
<DEFINITION_GENERIC_END CREATION="y" CREATED="2009.08.14" AUTHOR="HoKoNoUmo">
<EngMainName TxEXP="Entity" TRMrULE="rlEngTrmNnCs22"/>
<Description_eng CREATED="2009.08.14" AUTHOR="HoKoNoUmo">
Entity is the most general-concept in symban sub-worldview.
</Description_eng>
</DEFINITION_GENERIC_END>
<DEFINITION_SPECIFIC_START CREATED="2009.02.01" AUTHOR="HoKoNoUmo"/>
</REFINO_DEFINITION>

<REFINO_NAME LASTmOD="2023.09.05" CREATED="2000.11.12" AUTHOR="HoKoNoUmo">
<kml LASTmOD="2009.09.20" CREATED="2008.04.06" AUTHOR="HoKoNoUmo">
<Name_NounCase TxEXP="O" MOSTuSED="1" CREATED="2009.09.20" AUTHOR="HoKoNoUmo"/>
</kml>
<eng LASTmOD="2009.09.27" CREATED="2000.11.12" AUTHOR="HoKoNoUmo">
<Name_NounCase TxEXP="Entity" MOSTuSED="1" TRMrULE="rlEngTrmNnCs22" DELETED="none" CREATED="2000.11.12" AUTHOR="HoKoNoUmo"/>
</eng>
<eln LASTmOD="2001.06.14" CREATED="2000.11.12" AUTHOR="HoKoNoUmo">
<Name_NounCase TxEXP="Οντότητα" TRMrULE="rlElnTrmNnCs2a4" CREATED="2000.11.12" AUTHOR="HoKoNoUmo"/>
</eln>
<epo CREATED="2009.09.19" AUTHOR="HoKoNoUmo">
<Name_NounCase TxEXP="Ento" MOSTuSED="1" TRMrULE="" CREATED="2009.09.19" AUTHOR="HoKoNoUmo"/>
</epo>
</REFINO_NAME>

<REFINO_WHOLE LASTmOD="2009.09.06" CREATED="2000.04.05" AUTHOR="HoKoNoUmo">
<XCPT FRnAME="none" LASTmOD="2009.09.06" CREATED="2009.09.06" AUTHOR="HoKoNoUmo"/>
</REFINO_WHOLE>

<REFINO_PARTcOMPLEMENT LASTmOD="2009.09.06" CREATED="2009.09.06" AUTHOR="HoKoNoUmo">
<XCPT FRnAME="none" LASTmOD="2009.09.06" CREATED="2009.09.06" AUTHOR="HoKoNoUmo"/>
</REFINO_PARTcOMPLEMENT>

<REFINO_GENERIC CREATED="2009.09.06" AUTHOR="HoKoNoUmo">
<XCPT FRnAME="none" CREATED="2009.09.06" AUTHOR="HoKoNoUmo"/>
</REFINO_GENERIC>

<REFINO_SPECIFIC LASTmOD="2000.04.05" CREATED="2000.04.05" AUTHOR="HoKoNoUmo">
<REFINO_SPECIFICdIVISION ATR="Process-or-relation@hknu.symb-14@" LASTmOD="2008.12.11" CREATED="2008.12.11" AUTHOR="HoKoNoUmo">
<XCPT FRnAME="Process-or-relation@hknu.symb-14@" CREATED="2001.07.17" AUTHOR="HoKoNoUmo"/>
<XCPT FRnAME="Non-process-or-relation@hknu.symb-13@" CREATED="2001.07.17" AUTHOR="HoKoNoUmo"/>
</REFINO_SPECIFICdIVISION>
</REFINO_SPECIFIC>

<REFINO_SPECIFICcOMPLEMENT LASTmOD="2009.09.06" CREATED="2009.09.06" AUTHOR="HoKoNoUmo">
<XCPT FRnAME="none" CREATED="2009.09.06" AUTHOR="HoKoNoUmo"/>
</REFINO_SPECIFICcOMPLEMENT>

<REFINO_ENVIRONMENT LASTmOD="2009.09.04" CREATED="2009.09.04" AUTHOR="HoKoNoUmo">
<XCPT FRnAME="BConcept@hknu.meta-1@" LASTmOD="2009.09.04" CREATED="2009.09.04" AUTHOR="HoKoNoUmo"/>
</REFINO_ENVIRONMENT>

<REFINO_ENTITY LASTmOD="2009.09.06" CREATED="2009.09.06" AUTHOR="HoKoNoUmo">
<XCPT FRnAME="none" LASTmOD="2009.09.06" CREATED="2009.09.06" AUTHOR="HoKoNoUmo"/>
</REFINO_ENTITY>

<REFINO_ATTRIBUTE CREATED="2006.10.25" AUTHOR="HoKoNoUmo">
<XCPT FRnAME="Entity's-structure@hknu.symb-8@" CREATED="2009.10.27" AUTHOR="HoKoNoUmo"/>
<XCPT FRnAME="Attribute@hknu.symb-21@" CREATED="2006.10.25" AUTHOR="HoKoNoUmo"/>
</REFINO_ATTRIBUTE>

<REFINO CREATED="2009.11.12" AUTHOR="HoKoNoUmo">
<REFINO FRnAME="Entity's-relation@hknu.symb-1@" CREATED="2009.11.12" AUTHOR="HoKoNoUmo">
<XCPT FRnAME="Entity's-relator@hknu.symb-25@" CREATED="2009.11.12" AUTHOR="HoKoNoUmo"/>
</REFINO>
<REFINO_REFINOdIVISION ATR="" CREATED="2009.11.12" AUTHOR="HoKoNoUmo">
<XCPT FRnAME="Entity's-attribute-relation@hknu.symb-20@" CREATED="2009.11.12" AUTHOR="HoKoNoUmo"/>
<XCPT FRnAME="Entity's-non-attribute-relation@hknu.symb-19@" CREATED="2009.11.12" AUTHOR="HoKoNoUmo"/>
</REFINO_REFINOdIVISION>
</REFINO>
</XCONCEPT>
