<?xml version="1.0" encoding="ISO-8859-1"?>

<XCONCEPT LASTiNTfRnUMBER="0" INTEGRATED="no" LASTmOD="2009.11.10" CREATED="2009.11.10" AUTHOR="HoKoNoUmo">

<REFINO_DEFINITION>
<!-- entity's-relation is defined as a "relator" of entity -->
<DEFINITION_RELATOR CREATION="y" CREATED="2009.11.12" AUTHOR="HoKoNoUmo">
<EngMainName TxEXP="Entity's relation" TRMrULE="rlEngTrmNnCs4b11" CREATED="2009.11.12" AUTHOR="HoKoNoUmo"/>
<REFINO FRnAME="refino_betweenAnd">
<XCPT FRnAME="Entity@hknu.symb-7@"/>
<XCPT FRnAME="Entity(2)@hknu.symb-7@" NEWxCPT="Entity's-relator@hknu.symb-25@"/>
<REFINO FRnAME="refino_eitherOr">
<XCPT FRnAME="sensory" NEWxCPT="Commonness@hknu.symb-26@"/>
<REFINO FRnAME="refino_non">
<XCPT FRnAME="sensory" NEWxCPT="Commonness@hknu.symb-26@"/>
</REFINO>
</REFINO>
</REFINO>
<Description_eng CREATED="2009.11.12" AUTHOR="HoKoNoUmo">
The presense or not of any COMMONNESS between the entity and any other-enity.
</Description_eng>
</DEFINITION_RELATOR>
</REFINO_DEFINITION>

<REFINO_NAME LASTmOD="2009.11.10" CREATED="2000.03.14" AUTHOR="HoKoNoUmo">
<eng LASTmOD="2009.11.10" CREATED="2009.11.10" AUTHOR="HoKoNoUmo">
<Name_NounCase TxEXP="Entity's relation" TRMrULE="rlEngTrmNnCs4b11" CREATED="2009.11.10" AUTHOR="HoKoNoUmo"/>
</eng>
</REFINO_NAME>

<REFINO_GENERIC CREATED="2009.11.10" AUTHOR="HoKoNoUmo">
<XCPT FRnAME="Relation@hknu.symb-16@" CREATED="2009.11.10" AUTHOR="HoKoNoUmo"/>
</REFINO_GENERIC>

<REFINO_ARGUMENT LASTmOD="2009.11.12" CREATED="2009.11.10" AUTHOR="HoKoNoUmo">
<XCPT FRnAME="Entity@hknu.symb-7@" CREATED="2009.11.10" AUTHOR="HoKoNoUmo"/>
<XCPT FRnAME="Entity's-relator@hknu.symb-25@" CREATED="2009.11.12" AUTHOR="HoKoNoUmo"/>
</REFINO_ARGUMENT>
</XCONCEPT>
