<?xml version="1.0" encoding="UTF-8"?>

<XCONCEPT LASTiNTfRnUMBER="1" INTEGRATED="no" LASTmOD="2008.12.10" CREATED="2008.12.10" AUTHOR="HoKoNoUmo">

<REFINO_DEFINITION LASTmOD="2008.12.10" AUTHOR="HoKoNoUmo">
Number is the the result-thought of measurement.
</REFINO_DEFINITION>

<REFINO_NAME LASTmOD="2008.12.10" CREATED="2008.12.10" AUTHOR="HoKoNoUmo">
<eng LASTmOD="2008.12.10" CREATED="2008.12.10" AUTHOR="HoKoNoUmo">
<Name_NounCase TxEXP="Number" TRMrULE="rlEngTrmNnCs11" CREATED="2008.12.10" AUTHOR="HoKoNoUmo"/>
</eng>
</REFINO_NAME>

<REFINO_SPECIFIC LASTmOD="2008.12.10" CREATED="2008.12.10" AUTHOR="HoKoNoUmo">
<INTxCPT FRnAME="Number_every@hknu.symb-22#1@" LASTmOD="2008.12.10" CREATED="2008.12.10" AUTHOR="HoKoNoUmo">
<REFINO_NAME LASTmOD="2008.12.10" CREATED="2008.12.10" AUTHOR="HoKoNoUmo">
<eng LASTmOD="2008.12.10" CREATED="2008.12.10" AUTHOR="HoKoNoUmo">
<Name_NounCase TxEXP="All and each number" TRMrULE="rlEngTrmNnCs11" CREATED="2008.12.10" AUTHOR="HoKoNoUmo"/>
<Name_NounAdjective TxEXP="Every" TRMrULE="rlEngTrmNnAj42" MOSTuSED="1" CREATED="2008.12.10" AUTHOR="HoKoNoUmo"/>
</eng>
</REFINO_NAME>
<REFINO_DEFINITION LASTmOD="2008.12.10" AUTHOR="HoKoNoUmo">
All, individually.
</REFINO_DEFINITION>
</INTxCPT>
</REFINO_SPECIFIC>
</XCONCEPT>
