<?xml version="1.0" encoding="ISO-8859-1"?>

<XCONCEPT LASTiNTfRnUMBER="1" INTEGRATED="no" LASTmOD="2008.12.12" CREATED="2008.12.12" AUTHOR="HoKoNoUmo">

<REFINO_DEFINITION LASTmOD="2008.12.12" AUTHOR="HoKoNoUmo">
The relation of an entity with a part of it.
</REFINO_DEFINITION>

<REFINO_NAME LASTmOD="2008.12.12" CREATED="2008.12.12" AUTHOR="HoKoNoUmo">
<eng LASTmOD="2008.12.12" CREATED="2008.12.12" AUTHOR="HoKoNoUmo">
<Name_NounCase TxEXP="Parteino" TRMrULE="rlEngTrmNnCs12" CREATED="2008.12.12" AUTHOR="HoKoNoUmo"/>
</eng>
</REFINO_NAME>

<REFINO_GENERIC LASTmOD="2008.12.12" CREATED="2008.12.12" AUTHOR="HoKoNoUmo">
<XCPT FRnAME="Entity's-attribute-relation@hknu.symb-20@" LASTmOD="2008.12.12" CREATED="2008.12.12" AUTHOR="HoKoNoUmo"/>
</REFINO_GENERIC>

<REFINO_SPECIFIC LASTmOD="2008.12.18" CREATED="2008.12.18" AUTHOR="HoKoNoUmo">
<INTxCPT FRnAME="Properteino@hknu.symb-24#1@" LASTmOD="2008.12.18" CREATED="2008.12.18" AUTHOR="HoKoNoUmo">
<REFINO_NAME LASTmOD="2008.12.18" CREATED="2008.12.18" AUTHOR="HoKoNoUmo">
<eng LASTmOD="2008.12.18" CREATED="2008.12.18" AUTHOR="HoKoNoUmo">
<Name_NounCase TxEXP="Properteino" TRMrULE="rlEngTrmNnCs12" CREATED="2008.12.01" AUTHOR="HoKoNoUmo"/>
</eng>
</REFINO_NAME>
<REFINO_DEFINITION LASTmOD="2008.12.18" CREATED="2008.12.18" AUTHOR="HoKoNoUmo">
An unseparated part of an entity.
</REFINO_DEFINITION>
</INTxCPT>
</REFINO_SPECIFIC>

<REFINO_ATTRIBUTE CREATED="2009.10.26" AUTHOR="HoKoNoUmo">
<XCPT FRnAME="Entity's-structure@hknu.symb-8@" GENERICiNHERITOR="Entity's-structure@hknu.symb-8@/Entity@hknu.symb-7@" CREATED="2009.10.26" AUTHOR="HoKoNoUmo"/>
</REFINO_ATTRIBUTE>
</XCONCEPT>
