<?xml version="1.0" encoding="UTF-8"?>

<XCONCEPT LASTiNTfRnUMBER="0" INTEGRATED="no" LASTmOD="2006.02.08" CREATED="2001.07.17" AUTHOR="HoKoNoUmo">

<REFINO_DEFINITION LASTmOD="2001.07.17" AUTHOR="HoKoNoUmo">
Process is a RELATION of a new structure with the old one.
</REFINO_DEFINITION>

<REFINO_NAME LASTmOD="2006.02.08" CREATED="2001.07.17" AUTHOR="HoKoNoUmo">
<eng LASTmOD="2006.02.07" CREATED="2001.07.17" AUTHOR="HoKoNoUmo">
<Name_NounCase TxEXP="Duin" TRMrULE="rlEngTrmNnCs11" CREATED="2004.03.30" AUTHOR="HoKoNoUmo"/>
<Name_NounCase TxEXP="Process" TRMrULE="rlEngTrmNnCs12" CREATED="2001.07.17" AUTHOR="HoKoNoUmo"/>
</eng>
<eln LASTmOD="2006.02.08" CREATED="2001.07.17" AUTHOR="HoKoNoUmo">
<Name_NounCase TxEXP="Διαδικασία" TRMrULE="rlElnTrmNnCs2a3" CREATED="2001.07.17" AUTHOR="HoKoNoUmo"/>
</eln>
</REFINO_NAME>

<REFINO_GENERIC LASTmOD="2001.07.17" CREATED="2001.07.17" AUTHOR="HoKoNoUmo">
<XCPT FRnAME="Process-or-relation@hknu.symb-14@" LASTmOD="2001.07.17" CREATED="2001.07.17" AUTHOR="HoKoNoUmo"/>
</REFINO_GENERIC>

<REFINO_SPECIFIC LASTmOD="2001.07.17" CREATED="2001.07.17" AUTHOR="HoKoNoUmo">
<XCPT FRnAME="Naming@hknu.symb-17@" CREATED="2001.07.17" AUTHOR="HoKoNoUmo"/>
</REFINO_SPECIFIC>

<REFINO_ATTRIBUTE CREATED="2009.10.26" AUTHOR="HoKoNoUmo">
<XCPT FRnAME="Entity's-structure@hknu.symb-8@" GENERICiNHERITOR="Entity's-structure@hknu.symb-8@/Entity@hknu.symb-7@" CREATED="2009.10.26" AUTHOR="HoKoNoUmo"/>
</REFINO_ATTRIBUTE>
</XCONCEPT>
