<?xml version="1.0" encoding="UTF-8"?>

<XCONCEPT LASTiNTfRnUMBER="1" INTEGRATED="no" LASTmOD="2008.12.07" CREATED="2004.03.06" AUTHOR="HoKoNoUmo">

<REFINO_DEFINITION LASTmOD="2004.03.06" AUTHOR="HoKoNoUmo">
Quantity is a Number (the result of measurement) and a UNIT of measurement.
</REFINO_DEFINITION>

<REFINO_NAME LASTmOD="2008.12.07" CREATED="2004.03.06" AUTHOR="HoKoNoUmo">
<eng LASTmOD="2006.10.04" CREATED="2004.03.06" AUTHOR="HoKoNoUmo">
<Name_NounCase TxEXP="Quantity" TRMrULE="rlEngTrmNnCs22" CREATED="2004.03.06" AUTHOR="HoKoNoUmo"/>
</eng>
<eln LASTmOD="2004.03.06" CREATED="2004.03.06" AUTHOR="HoKoNoUmo">
<Name_NounCase TxEXP="Ποσότητα" TRMrULE="rlElnTrmNnCs2a4" CREATED="2004.03.06" AUTHOR="HoKoNoUmo"/>
</eln>
</REFINO_NAME>

<REFINO_SPECIFIC LASTmOD="2004.09.29" CREATED="2004.09.29" AUTHOR="HoKoNoUmo">
<INTxCPT FRnAME="Quantity_random@hknu.symb-18#1@" LASTmOD="2004.09.29" CREATED="2004.09.29" AUTHOR="HoKoNoUmo">
<REFINO_DEFINITION LASTmOD="2004.09.29" CREATED="2004.09.29" AUTHOR="HoKoNoUmo">
One or some or all.
</REFINO_DEFINITION>
<REFINO_NAME LASTmOD="2001.06.14" CREATED="2000.03.14" AUTHOR="HoKoNoUmo">
<eng LASTmOD="2001.06.14" CREATED="2000.10.25" AUTHOR="HoKoNoUmo">
<Name_NounCase TxEXP="Random quantity" TRMrULE="rlEngTrmNnCs22" CREATED="2008.12.01" AUTHOR="HoKoNoUmo"/>
<Name_NounAdjective TxEXP="Any" TRMrULE="rlEngTrmNnAj42" MOSTuSED="1" CREATED="2000.02.19" AUTHOR="HoKoNoUmo"/>
</eng>
</REFINO_NAME>
</INTxCPT>
</REFINO_SPECIFIC>
</XCONCEPT>
